{"cameraMode":{"drawMode":0,"name":"Shaded","section":"Shading Mode"},"sceneLighting":false,"audioPlay":false,"sceneViewState":{"m_AlwaysRefresh":false,"showFog":true,"showSkybox":false,"showFlares":true,"showImageEffects":true,"showParticleSystems":true,"showVisualEffectGraphs":true,"m_FxEnabled":true},"in2DMode":false,"pivot":{"x":-0.0043201446533203129,"y":1.2185730934143067,"z":0.05366694927215576},"rotation":{"x":0.000325957837048918,"y":0.9963111281394959,"z":-0.08589454740285874,"w":0.0037825240287929775},"size":1.1088685989379883,"orthographic":false}