{"cameraMode":{"drawMode":0,"name":"Shaded","section":"Shading Mode"},"sceneLighting":false,"audioPlay":false,"sceneViewState":{"m_AlwaysRefresh":false,"showFog":true,"showSkybox":false,"showFlares":true,"showImageEffects":true,"showParticleSystems":true,"showVisualEffectGraphs":true,"m_FxEnabled":true},"in2DMode":false,"pivot":{"x":-2.059999704360962,"y":0.7986066341400147,"z":-0.004794716835021973},"rotation":{"x":0.058965083211660388,"y":-0.006488921120762825,"z":0.00038023878005333245,"w":0.9982526302337647},"size":1.46158766746521,"orthographic":false}