{"cameraMode":{"drawMode":0,"name":"Shaded","section":"Shading Mode"},"sceneLighting":false,"audioPlay":false,"sceneViewState":{"m_AlwaysRefresh":false,"showFog":true,"showSkybox":false,"showFlares":true,"showImageEffects":true,"showParticleSystems":true,"showVisualEffectGraphs":true,"m_FxEnabled":true},"in2DMode":false,"pivot":{"x":3.469845771789551,"y":0.8935271501541138,"z":-0.043539077043533328},"rotation":{"x":-0.12360859662294388,"y":-0.03472425043582916,"z":-0.0043313270434737209,"w":0.9917278289794922},"size":1.31100332736969,"orthographic":false}