{"cameraMode":{"drawMode":0,"name":"Shaded","section":"Shading Mode"},"sceneLighting":true,"audioPlay":false,"sceneViewState":{"m_AlwaysRefresh":false,"showFog":true,"showSkybox":true,"showFlares":true,"showImageEffects":true,"showParticleSystems":true,"showVisualEffectGraphs":true,"m_FxEnabled":true},"in2DMode":false,"pivot":{"x":-0.000004991888999938965,"y":1.2308951616287232,"z":9.972610473632813},"rotation":{"x":0.2645042836666107,"y":-0.2315104454755783,"z":0.06556958705186844,"w":0.9338885545730591},"size":94.58334350585938,"orthographic":false}