{"cameraMode":{"drawMode":0,"name":"Shaded","section":"Shading Mode"},"sceneLighting":false,"audioPlay":false,"sceneViewState":{"m_AlwaysRefresh":false,"showFog":true,"showSkybox":false,"showFlares":true,"showImageEffects":true,"showParticleSystems":true,"showVisualEffectGraphs":true,"m_FxEnabled":true},"in2DMode":false,"pivot":{"x":1.7221789360046387,"y":0.839551568031311,"z":-0.16333520412445069},"rotation":{"x":-0.08339007198810578,"y":-0.018434494733810426,"z":-0.0015459522837772966,"w":0.9963588118553162},"size":1.5653188228607178,"orthographic":false}