{"cameraMode":{"drawMode":0,"name":"Shaded","section":"Shading Mode"},"sceneLighting":false,"audioPlay":false,"sceneViewState":{"m_AlwaysRefresh":false,"showFog":true,"showSkybox":false,"showFlares":true,"showImageEffects":true,"showParticleSystems":true,"showVisualEffectGraphs":true,"m_FxEnabled":true},"in2DMode":false,"pivot":{"x":0.07688145339488983,"y":1.399612545967102,"z":-0.36623716354370119},"rotation":{"x":0.07542715221643448,"y":0.00697985989972949,"z":-0.0005310347187332809,"w":0.9971402883529663},"size":1.5451748371124268,"orthographic":false}