{"cameraMode":{"drawMode":0,"name":"Shaded","section":"Shading Mode"},"sceneLighting":false,"audioPlay":false,"sceneViewState":{"m_AlwaysRefresh":false,"showFog":true,"showSkybox":false,"showFlares":true,"showImageEffects":true,"showParticleSystems":true,"showVisualEffectGraphs":true,"m_FxEnabled":true},"in2DMode":false,"pivot":{"x":0.19821949303150178,"y":0.5934737324714661,"z":-0.2517971992492676},"rotation":{"x":0.17743010818958283,"y":0.03689495474100113,"z":-0.006657855585217476,"w":0.983425498008728},"size":1.4568428993225098,"orthographic":false}