{"cameraMode":{"drawMode":0,"name":"Shaded","section":"Shading Mode"},"sceneLighting":false,"audioPlay":false,"sceneViewState":{"m_AlwaysRefresh":false,"showFog":true,"showSkybox":false,"showFlares":true,"showImageEffects":true,"showParticleSystems":true,"showVisualEffectGraphs":true,"m_FxEnabled":true},"in2DMode":false,"pivot":{"x":0.140960231423378,"y":0.48142796754837038,"z":0.25492116808891299},"rotation":{"x":0.00010135165939573199,"y":0.9996691942214966,"z":-0.025997241958975793,"w":0.0037947832606732847},"size":1.3563923835754395,"orthographic":false}