{"cameraMode":{"drawMode":0,"name":"Shaded","section":"Shading Mode"},"sceneLighting":false,"audioPlay":false,"sceneViewState":{"m_AlwaysRefresh":false,"showFog":true,"showSkybox":false,"showFlares":true,"showImageEffects":true,"showParticleSystems":true,"showVisualEffectGraphs":true,"m_FxEnabled":true},"in2DMode":false,"pivot":{"x":-0.3976824879646301,"y":0.6022279262542725,"z":0.11962294578552246},"rotation":{"x":0.09547823667526245,"y":-0.08797869831323624,"z":0.008470924571156502,"w":0.9915045499801636},"size":1.4568428993225098,"orthographic":false}