{"cameraMode":{"drawMode":0,"name":"Shaded","section":"Shading Mode"},"sceneLighting":false,"audioPlay":false,"sceneViewState":{"m_AlwaysRefresh":false,"showFog":true,"showSkybox":false,"showFlares":true,"showImageEffects":true,"showParticleSystems":true,"showVisualEffectGraphs":true,"m_FxEnabled":true},"in2DMode":false,"pivot":{"x":-0.49862852692604067,"y":1.4982783794403077,"z":-0.460451602935791},"rotation":{"x":0.0786619484424591,"y":-0.13712921738624574,"z":0.010923795402050019,"w":0.9873687624931336},"size":1.4568428993225098,"orthographic":false}